{
  "hash": "7d12502f",
  "configHash": "69d685dd",
  "lockfileHash": "1cd4511d",
  "browserHash": "a874a30d",
  "optimized": {
    "react": {
      "src": "../../node_modules/react/index.js",
      "file": "react.js",
      "fileHash": "1f216e92",
      "needsInterop": true
    },
    "react-dom/client": {
      "src": "../../node_modules/react-dom/client.js",
      "file": "react-dom_client.js",
      "fileHash": "b0456744",
      "needsInterop": true
    }
  },
  "chunks": {
    "chunk-3ARHY7UZ": {
      "file": "chunk-3ARHY7UZ.js"
    }
  }
}